{
  "n_history": 1,
  "n_personas": 20,
  "tandem_full": {
    "n": 20,
    "ndcg_10": 0.08022648515518083,
    "ndcg_10_ci95": [
      0.0,
      0.19872687247098314
    ],
    "hit_10": 0.15,
    "hit_10_ci95": [
      0.0,
      0.3
    ],
    "hit_5": 0.05,
    "hit_5_ci95": [
      0.0,
      0.15
    ],
    "mrr": 0.0864101586134524
  },
  "tandem_cold": {
    "n": 20,
    "ndcg_10": 0.1656189308675135,
    "ndcg_10_ci95": [
      0.06523757716444174,
      0.2832668678807593
    ],
    "hit_10": 0.35,
    "hit_10_ci95": [
      0.15,
      0.5762499999999988
    ],
    "hit_5": 0.25,
    "hit_5_ci95": [
      0.1,
      0.45
    ],
    "mrr": 0.1279866736375285
  },
  "p5_zero_full": {
    "n": 20,
    "ndcg_10": 0.13022648515518082,
    "ndcg_10_ci95": [
      0.015773243839286438,
      0.26577324383928647
    ],
    "hit_10": 0.2,
    "hit_10_ci95": [
      0.05,
      0.35
    ],
    "hit_5": 0.1,
    "hit_5_ci95": [
      0.0,
      0.25
    ],
    "mrr": 0.12971390356830712
  },
  "p5_zero_cold": {
    "n": 20,
    "ndcg_10": 0.0,
    "ndcg_10_ci95": [
      0.0,
      0.0
    ],
    "hit_10": 0.0,
    "hit_10_ci95": [
      0.0,
      0.0
    ],
    "hit_5": 0.0,
    "hit_5_ci95": [
      0.0,
      0.0
    ],
    "mrr": 0.028670772586409453
  },
  "chat_rec_full": {
    "n": 20,
    "ndcg_10": 0.1353661540623677,
    "ndcg_10_ci95": [
      0.03562071871080222,
      0.2513559202614574
    ],
    "hit_10": 0.25,
    "hit_10_ci95": [
      0.1,
      0.4
    ],
    "hit_5": 0.15,
    "hit_5_ci95": [
      0.0,
      0.3
    ],
    "mrr": 0.1251686286318159
  },
  "chat_rec_cold": {
    "n": 20,
    "ndcg_10": 0.05,
    "ndcg_10_ci95": [
      0.0,
      0.15
    ],
    "hit_10": 0.05,
    "hit_10_ci95": [
      0.0,
      0.15
    ],
    "hit_5": 0.05,
    "hit_5_ci95": [
      0.0,
      0.15
    ],
    "mrr": 0.06963326865280717
  },
  "popularity_cold": {
    "n": 20,
    "ndcg_10": 0.7050521699107237,
    "ndcg_10_ci95": [
      0.6115986575892967,
      0.8156860670245611
    ],
    "hit_10": 1.0,
    "hit_10_ci95": [
      1.0,
      1.0
    ],
    "hit_5": 0.95,
    "hit_5_ci95": [
      0.85,
      1.0
    ],
    "mrr": 0.60625
  }
}