{
  "n_history": 1,
  "n_personas": 20,
  "full_history": {
    "ndcg_10": 0.08022648515518083,
    "hit_10": 0.15,
    "hit_5": 0.05,
    "mrr": 0.0864101586134524
  },
  "cold_start": {
    "ndcg_10": 0.1656189308675135,
    "hit_10": 0.35,
    "hit_5": 0.25,
    "mrr": 0.1279866736375285
  }
}