{
  "cell_A": {
    "name": "cell_A",
    "n": 20,
    "ndcg_10": {
      "mean": 0.11011588420101352,
      "ci": [
        0.01934264036172708,
        0.23041465931509403
      ]
    },
    "hit_10": {
      "mean": 0.2,
      "ci": [
        0.05,
        0.4
      ]
    },
    "hit_5": {
      "mean": 0.15,
      "ci": [
        0.0,
        0.3
      ]
    },
    "mrr": {
      "mean": 0.10828749804617954,
      "ci": [
        0.03915780891434825,
        0.22659029574915707
      ]
    }
  },
  "cell_B": {
    "name": "cell_B",
    "n": 20,
    "ndcg_10": {
      "mean": 0.12159798746177194,
      "ci": [
        0.03010299956639812,
        0.2531934382509961
      ]
    },
    "hit_10": {
      "mean": 0.2,
      "ci": [
        0.05,
        0.4
      ]
    },
    "hit_5": {
      "mean": 0.15,
      "ci": [
        0.0,
        0.3
      ]
    },
    "mrr": {
      "mean": 0.12238592690330996,
      "ci": [
        0.04444306097625421,
        0.2429517621037571
      ]
    }
  },
  "cell_C": {
    "name": "cell_C",
    "n": 20,
    "ndcg_10": {
      "mean": 0.08022648515518083,
      "ci": [
        0.0,
        0.1973867382299128
      ]
    },
    "hit_10": {
      "mean": 0.15,
      "ci": [
        0.0,
        0.3
      ]
    },
    "hit_5": {
      "mean": 0.05,
      "ci": [
        0.0,
        0.15
      ]
    },
    "mrr": {
      "mean": 0.0864101586134524,
      "ci": [
        0.028636229291806665,
        0.1919051700459302
      ]
    }
  },
  "cell_D": {
    "name": "cell_D",
    "n": 20,
    "ndcg_10": {
      "mean": 0.07599235246641026,
      "ci": [
        0.01934264036172708,
        0.14841530841037986
      ]
    },
    "hit_10": {
      "mean": 0.2,
      "ci": [
        0.05,
        0.4
      ]
    },
    "hit_5": {
      "mean": 0.15,
      "ci": [
        0.0,
        0.3
      ]
    },
    "mrr": {
      "mean": 0.06081938438581698,
      "ci": [
        0.034308858015884416,
        0.0948117336491367
      ]
    }
  },
  "cell_E": {
    "name": "cell_E",
    "n": 20,
    "ndcg_10": {
      "mean": 0.025,
      "ci": [
        0.0,
        0.075
      ]
    },
    "hit_10": {
      "mean": 0.05,
      "ci": [
        0.0,
        0.15
      ]
    },
    "hit_5": {
      "mean": 0.05,
      "ci": [
        0.0,
        0.15
      ]
    },
    "mrr": {
      "mean": 0.049703769205190165,
      "ci": [
        0.026779147931545552,
        0.08875003798147585
      ]
    }
  },
  "baseline_p5_zero": {
    "name": "baseline_p5_zero",
    "n": 20,
    "ndcg_10": {
      "mean": 0.13022648515518082,
      "ci": [
        0.015773243839286438,
        0.26610157480909874
      ]
    },
    "hit_10": {
      "mean": 0.2,
      "ci": [
        0.05,
        0.4
      ]
    },
    "hit_5": {
      "mean": 0.1,
      "ci": [
        0.0,
        0.25
      ]
    },
    "mrr": {
      "mean": 0.12971390356830712,
      "ci": [
        0.02734991982327118,
        0.27320370701148444
      ]
    }
  },
  "baseline_chat_rec": {
    "name": "baseline_chat_rec",
    "n": 20,
    "ndcg_10": {
      "mean": 0.1353661540623677,
      "ci": [
        0.03447702602206777,
        0.25231095345160964
      ]
    },
    "hit_10": {
      "mean": 0.25,
      "ci": [
        0.1,
        0.45
      ]
    },
    "hit_5": {
      "mean": 0.15,
      "ci": [
        0.0,
        0.3
      ]
    },
    "mrr": {
      "mean": 0.1251686286318159,
      "ci": [
        0.045479873917691815,
        0.2339556984263622
      ]
    }
  }
}