{
  "overlay-off": {
    "condition": "overlay-off",
    "n": 20,
    "rating_RMSE": 1.3228756555322954,
    "rating_MAE": 0.85,
    "rouge_1_mean": 0.20134278273577536,
    "rouge_1_std": 0.08618829412118185,
    "rouge_l_mean": 0.12187909630566726,
    "rouge_l_std": 0.050555911168206735,
    "semantic_similarity_mean": 0.5716411728411913,
    "semantic_similarity_std": 0.18843155781492835,
    "bertscore_f1_mean": 0.5130336686968804,
    "bertscore_f1_std": 0.07422827664770054
  },
  "cultural-on": {
    "condition": "cultural-on",
    "n": 20,
    "rating_RMSE": 1.4317821063276353,
    "rating_MAE": 1.25,
    "rouge_1_mean": 0.13887511788329113,
    "rouge_1_std": 0.07255616299506366,
    "rouge_l_mean": 0.07940715147976954,
    "rouge_l_std": 0.04459366156959686,
    "semantic_similarity_mean": 0.4361824525985867,
    "semantic_similarity_std": 0.18031364210227363,
    "bertscore_f1_mean": 0.44761560708284376,
    "bertscore_f1_std": 0.055039297999960046
  },
  "per_record": {
    "overlay-off": [
      {
        "persona_id": "p00",
        "target_item_id": "B0B9BS9ZXD",
        "actual_rating": 5.0,
        "predicted_rating": 5.0,
        "rating_error": 0.0,
        "actual_review_tokens": 14,
        "predicted_review_tokens": 82,
        "rouge_1": 0.11267605633802817,
        "rouge_l": 0.10416666666666667,
        "semantic_similarity": 0.7508490681648254,
        "bertscore_f1": 0.5721232891082764
      },
      {
        "persona_id": "p01",
        "target_item_id": "B09R826BXF",
        "actual_rating": 5.0,
        "predicted_rating": 5.0,
        "rating_error": 0.0,
        "actual_review_tokens": 45,
        "predicted_review_tokens": 75,
        "rouge_1": 0.163265306122449,
        "rouge_l": 0.1,
        "semantic_similarity": 0.7969095706939697,
        "bertscore_f1": 0.518075168132782
      },
      {
        "persona_id": "p02",
        "target_item_id": "B08C72C56Z",
        "actual_rating": 5.0,
        "predicted_rating": 4.0,
        "rating_error": -1.0,
        "actual_review_tokens": 7,
        "predicted_review_tokens": 81,
        "rouge_1": 0.0,
        "rouge_l": 0.0,
        "semantic_similarity": 0.04308634251356125,
        "bertscore_f1": 0.3251812756061554
      },
      {
        "persona_id": "p03",
        "target_item_id": "B00CXY0VQE",
        "actual_rating": 3.0,
        "predicted_rating": 1.0,
        "rating_error": -2.0,
        "actual_review_tokens": 15,
        "predicted_review_tokens": 74,
        "rouge_1": 0.13333333333333333,
        "rouge_l": 0.0898876404494382,
        "semantic_similarity": 0.1350976675748825,
        "bertscore_f1": 0.4565459191799164
      },
      {
        "persona_id": "p04",
        "target_item_id": "B09ZDQ626L",
        "actual_rating": 5.0,
        "predicted_rating": 5.0,
        "rating_error": 0.0,
        "actual_review_tokens": 55,
        "predicted_review_tokens": 87,
        "rouge_1": 0.2654867256637168,
        "rouge_l": 0.15492957746478875,
        "semantic_similarity": 0.5057592988014221,
        "bertscore_f1": 0.532204806804657
      },
      {
        "persona_id": "p05",
        "target_item_id": "B0B593BBTH",
        "actual_rating": 5.0,
        "predicted_rating": 3.0,
        "rating_error": -2.0,
        "actual_review_tokens": 67,
        "predicted_review_tokens": 72,
        "rouge_1": 0.2777777777777778,
        "rouge_l": 0.14388489208633093,
        "semantic_similarity": 0.6479400992393494,
        "bertscore_f1": 0.5678574442863464
      },
      {
        "persona_id": "p06",
        "target_item_id": "B07FQ93GYV",
        "actual_rating": 5.0,
        "predicted_rating": 5.0,
        "rating_error": 0.0,
        "actual_review_tokens": 158,
        "predicted_review_tokens": 81,
        "rouge_1": 0.2650602409638554,
        "rouge_l": 0.16736401673640167,
        "semantic_similarity": 0.6814411282539368,
        "bertscore_f1": 0.5954462885856628
      },
      {
        "persona_id": "p07",
        "target_item_id": "B09ZNXX417",
        "actual_rating": 5.0,
        "predicted_rating": 4.0,
        "rating_error": -1.0,
        "actual_review_tokens": 142,
        "predicted_review_tokens": 86,
        "rouge_1": 0.22818791946308725,
        "rouge_l": 0.16666666666666666,
        "semantic_similarity": 0.7317644357681274,
        "bertscore_f1": 0.5342301726341248
      },
      {
        "persona_id": "p08",
        "target_item_id": "B08BC7NB84",
        "actual_rating": 4.0,
        "predicted_rating": 3.0,
        "rating_error": -1.0,
        "actual_review_tokens": 83,
        "predicted_review_tokens": 75,
        "rouge_1": 0.32142857142857145,
        "rouge_l": 0.21518987341772147,
        "semantic_similarity": 0.6314272880554199,
        "bertscore_f1": 0.6138861775398254
      },
      {
        "persona_id": "p09",
        "target_item_id": "B01DD1NOZU",
        "actual_rating": 5.0,
        "predicted_rating": 5.0,
        "rating_error": 0.0,
        "actual_review_tokens": 150,
        "predicted_review_tokens": 68,
        "rouge_1": 0.24836601307189543,
        "rouge_l": 0.12844036697247707,
        "semantic_similarity": 0.5984741449356079,
        "bertscore_f1": 0.5613342523574829
      },
      {
        "persona_id": "p10",
        "target_item_id": "B09NFKDCPG",
        "actual_rating": 5.0,
        "predicted_rating": 4.0,
        "rating_error": -1.0,
        "actual_review_tokens": 80,
        "predicted_review_tokens": 95,
        "rouge_1": 0.1889763779527559,
        "rouge_l": 0.09142857142857141,
        "semantic_similarity": 0.531159520149231,
        "bertscore_f1": 0.5242071151733398
      },
      {
        "persona_id": "p11",
        "target_item_id": "B09CTDMKN5",
        "actual_rating": 3.0,
        "predicted_rating": 5.0,
        "rating_error": 2.0,
        "actual_review_tokens": 50,
        "predicted_review_tokens": 79,
        "rouge_1": 0.205607476635514,
        "rouge_l": 0.10852713178294575,
        "semantic_similarity": 0.5339020490646362,
        "bertscore_f1": 0.49998947978019714
      },
      {
        "persona_id": "p12",
        "target_item_id": "B097M7GBGQ",
        "actual_rating": 1.0,
        "predicted_rating": 1.0,
        "rating_error": 0.0,
        "actual_review_tokens": 8,
        "predicted_review_tokens": 60,
        "rouge_1": 0.13793103448275865,
        "rouge_l": 0.11764705882352941,
        "semantic_similarity": 0.5414855480194092,
        "bertscore_f1": 0.4035511612892151
      },
      {
        "persona_id": "p13",
        "target_item_id": "B092Z9X6QK",
        "actual_rating": 5.0,
        "predicted_rating": 1.0,
        "rating_error": -4.0,
        "actual_review_tokens": 54,
        "predicted_review_tokens": 89,
        "rouge_1": 0.20560747663551404,
        "rouge_l": 0.11188811188811189,
        "semantic_similarity": 0.6025086045265198,
        "bertscore_f1": 0.43916213512420654
      },
      {
        "persona_id": "p14",
        "target_item_id": "B0BV31FS1W",
        "actual_rating": 5.0,
        "predicted_rating": 4.0,
        "rating_error": -1.0,
        "actual_review_tokens": 96,
        "predicted_review_tokens": 91,
        "rouge_1": 0.2714285714285714,
        "rouge_l": 0.1497326203208556,
        "semantic_similarity": 0.608400285243988,
        "bertscore_f1": 0.5567467212677002
      },
      {
        "persona_id": "p15",
        "target_item_id": "B087BWY1Z5",
        "actual_rating": 4.0,
        "predicted_rating": 5.0,
        "rating_error": 1.0,
        "actual_review_tokens": 385,
        "predicted_review_tokens": 79,
        "rouge_1": 0.17228464419475656,
        "rouge_l": 0.08620689655172414,
        "semantic_similarity": 0.5590376853942871,
        "bertscore_f1": 0.4973214864730835
      },
      {
        "persona_id": "p16",
        "target_item_id": "B0B8DZ7H5F",
        "actual_rating": 4.0,
        "predicted_rating": 4.0,
        "rating_error": 0.0,